name	estimate
r1	missing
a1_1	0.6501895785030394
a1_2	1.8470871906898936
a1_3	0.008654140840183927
r2	missing
a2_1	1.3689085873901192
a2_2	-0.3103238108906324
a2_3	-0.08429523639678059
r3	missing
a3_1	2.120525753790223
a3_2	1.799107330279638
a3_3	-Inf
n_u1	0.396057652076056
n_u2	0.3197959107190333
n_u3	-5.186204240967427
