name	estimate
r1	missing
a1_1	1.3634653693513026
a1_2	1.5915341120403532
a1_3	-0.5071661731769381
r2	missing
a2_1	0.7829814823219037
a2_2	-0.1506447908048101
a2_3	-0.0008447572060541583
r3	missing
a3_1	2.505856139736533
a3_2	2.1741635921786635
a3_3	-Inf
n_u1	0.396057652076056
n_u2	0.3197959107190333
n_u3	-6.787575073752573
