name	estimate
r1	missing
a1_1	0.710862807591857
a1_2	2.1210519384873567
a1_3	-2.505655216824286
r2	missing
a2_1	1.5247195318952622
a2_2	2.1573653993456663
a2_3	1.6585435993406792
r3	missing
a3_1	3.1540648571302947
a3_2	1.2760620207571205
a3_3	-Inf
n_u1	0.396057652076056
n_u2	0.3197959107190333
n_u3	-5.638799936679177
