name	estimate
r1	1.0809980442494558
a1_1	1.041409588185418
a1_2	1.767255579117093
a1_3	0.6844632101483564
r2	0.10511925314681023
a2_1	0.5647111782722958
a2_2	-0.6875286473367707
a2_3	0.9698916858837405
r3	1.3182014606086754
a3_1	1.0918976147839246
a3_2	1.7704495316199946
a3_3	-Inf
n_u1	-4.0040885252791965
n_u2	-4.077443544343176
n_u3	-3.7856611997700096
