name	estimate
r1	-3.0124345401175887
a1_1	0.6234862956246274
a1_2	0.7116800363229816
a1_3	-80.7042171560649
r2	-0.3683755765201505
a2_1	3.133901507524913
a2_2	-113.19154836775044
a2_3	2.638092866308937
r3	-0.2199477758443546
a3_1	-1.5036949380617797
a3_2	-2.4176721828565384
a3_3	-44.18863145112794
