name	estimate
r1	-6.903440157405778
a1_1	0.536878390308364
a1_2	0.030456791145800525
a1_3	-2.6462480536604187
r2	-4.582565450556211
a2_1	0.3017706682225695
a2_2	-1.0600104086165851
a2_3	-0.028160916691359315
r3	3.615780210859452
a3_1	-2.457584844484789
a3_2	3.8058083184572644
a3_3	3.0573648534210203
