name	estimate
r1	missing
a1_1	1.5645172717231473
a1_2	1.117783560506683
a1_3	-1.8463650953715316
r2	missing
a2_1	0.5356703950340409
a2_2	-1.9551803671544028
a2_3	0.0011781965462475084
r3	missing
a3_1	3.5389048421213327
a3_2	2.956425655397062
a3_3	-Inf
n_u1	0.396057652076056
n_u2	0.3197959107190333
n_u3	-6.3295499197977225
