name	estimate
r1	missing
a1_1	2.929741953764366
a1_2	1.6594012490369423
a1_3	-0.9655156331454828
r2	missing
a2_1	0.06342748509269816
a2_2	0.4226298805375838
a2_3	1.0546297727042917
r3	missing
a3_1	2.6223455053492257
a3_2	0.5997843369787583
a3_3	-Inf
n_u1	0.396057652076056
n_u2	0.3197959107190333
n_u3	-4.729582304170581
