name	estimate
r1	missing
a1_1	1.1118145653715559
a1_2	2.0198302261101446
a1_3	0.6236938070209803
r2	missing
a2_1	0.7516481650139369
a2_2	-0.45846373945825153
a2_3	0.8890784877181691
r3	missing
a3_1	1.1345400193400188
a3_2	1.7080099571582197
a3_3	-Inf
n_u1	0.396057652076056
n_u2	0.3197959107190333
n_u3	-1.247861847665179
