name	estimate
r1	missing
a1_1	1.7313487328312058
a1_2	1.178196939713849
a1_3	0.21636948330651126
r2	missing
a2_1	1.3454316278531309
a2_2	-0.5105205078383677
a2_3	0.6241705756642832
r3	missing
a3_1	3.3494994645842904
a3_2	3.154825722538172
a3_3	-Inf
n_u1	0.396057652076056
n_u2	0.3197959107190333
n_u3	-6.917840257445353
