name	estimate
r1	missing
a1_1	0.6833853036534738
a1_2	1.9757968257077583
a1_3	0.12844557294671308
r2	missing
a2_1	1.3974253040816949
a2_2	-0.3114833825552498
a2_3	-0.0835929704514711
r3	missing
a3_1	1.9612395706149914
a3_2	1.6919690804983833
a3_3	-Inf
n_u1	0.396057652076056
n_u2	0.3197959107190333
n_u3	-5.394460135604079
