name	estimate
r1	missing
a1_1	1.0237853680409983
a1_2	1.9508871140215183
a1_3	0.4470834760315906
r2	missing
a2_1	0.8861687397827664
a2_2	-0.09316310307828751
a2_3	0.19446717020217952
r3	missing
a3_1	1.3435573333080628
a3_2	1.755543646430128
a3_3	-Inf
n_u1	0.396057652076056
n_u2	0.3197959107190333
n_u3	-0.9474636687478324
