name	estimate
r1	missing
a1_1	0.6965924391663124
a1_2	-0.7191872916846875
a1_3	0.32833767215446125
r2	missing
a2_1	-2.234391033687052
a2_2	-0.18464409648429836
a2_3	1.1475908395532155
r3	missing
a3_1	2.83349627106064
a3_2	1.8210273759263789
a3_3	-Inf
n_u1	0.396057652076056
n_u2	0.3197959107190333
n_u3	-7.458701753242583
