name	estimate
r1	missing
a1_1	2.0106870615866486
a1_2	2.053015488723306
a1_3	-1.400569642320086
r2	missing
a2_1	2.1085427673356194
a2_2	1.279096690372213
a2_3	1.7995127968153848
r3	missing
a3_1	1.7770867146001568
a3_2	0.8697545487434688
a3_3	-Inf
n_u1	0.396057652076056
n_u2	0.3197959107190333
n_u3	-7.950133334414667
