name	estimate
r1	missing
a1_1	1.1092402342691485
a1_2	2.0124410079483304
a1_3	0.5985457980121683
r2	missing
a2_1	0.7636852521643516
a2_2	-0.37413986614236683
a2_3	0.7897515474633516
r3	missing
a3_1	1.1738552767425785
a3_2	1.720700885589411
a3_3	-Inf
n_u1	0.396057652076056
n_u2	0.3197959107190333
n_u3	-1.2906143830394805
