name	estimate
r1	-3.0124345401175887
a1_1	-0.1694813351368774
a1_2	-2.352878993293069
a1_3	-3.7851083877936915
r2	-0.3683755765201505
a2_1	1.2705856721683366
a2_2	-2.3368190592696547
a2_3	-0.6024133392281527
r3	-0.2199477758443546
a3_1	-0.5181581573497646
a3_2	-1.1126562540302942
a3_3	-0.2344593558768765
