name	estimate
r1	missing
a1_1	1.0001082617027017
a1_2	1.839204650929835
a1_3	0.3858098630992592
r2	missing
a2_1	0.9517725925251438
a2_2	-0.1733502364853898
a2_3	0.5700186092383157
r3	missing
a3_1	1.3200819803025
a3_2	1.7766976865776065
a3_3	-Inf
n_u1	0.396057652076056
n_u2	0.3197959107190333
n_u3	-1.337030073626141
