name	estimate
r1	missing
a1_1	1.0619052132719382
a1_2	1.9113819723907677
a1_3	0.4832820467106289
r2	missing
a2_1	0.8946600320683239
a2_2	0.02468072821967842
a2_3	0.3976936853133807
r3	missing
a3_1	1.2172482119283294
a3_2	1.7977833120082427
a3_3	-Inf
n_u1	0.396057652076056
n_u2	0.3197959107190333
n_u3	-1.0745704409760837
