name	estimate
r1	-3.0124345401175887
a1_1	0.0890026435702152
a1_2	-2.644294177080686
a1_3	-3.790933709093184
r2	-0.3683755765201505
a2_1	1.6106526757332187
a2_2	-2.315225879563334
a2_3	-0.6984679221521513
r3	-0.2199477758443546
a3_1	-0.4659904523324242
a3_2	-1.125975657470575
a3_3	-0.22022163107772907
