name	estimate
r1	-3.0124345401175887
a1_1	-0.0223672020179377
a1_2	-2.5410444330757396
a1_3	-3.7872986594044993
r2	-0.3683755765201505
a2_1	1.5283540118002854
a2_2	-2.321010765403572
a2_3	-0.6730694127639214
r3	-0.2199477758443546
a3_1	-0.45954563713959173
a3_2	-1.1217363718611404
a3_3	-0.22050847124879086
