name	estimate
r1	missing
a1_1	0.9386028877194347
a1_2	2.0998917447605336
a1_3	0.13383600683194477
r2	missing
a2_1	1.0538806876056315
a2_2	0.38275943230012205
a2_3	0.06713488856476484
r3	missing
a3_1	1.8886403965258152
a3_2	1.6093663080471892
a3_3	-Inf
n_u1	0.396057652076056
n_u2	0.3197959107190333
n_u3	-3.878097438516439
